0.0005049705505371094,-0.025551898977502034,-0.6860155524605029,-1.1803510922471938,0.08601931115916071,-0.019104024256641594,-0.7077076470222341,0.7009890161130614
0.01682901382446289,-0.025551898977502034,-0.6860155524605029,-1.1803510922471938,0.08601931115916071,-0.019104024256641594,-0.7077076470222341,0.7009890161130614
0.03361010551452637,-0.02504331557386571,-0.6854529549562258,-1.1808898160722956,0.08405880407500145,-0.02099840255459895,-0.706861477702848,0.7020256661172593
0.0502471923828125,-0.02504331557386571,-0.6854529549562258,-1.1808898160722956,0.08405880407500145,-0.02099840255459895,-0.706861477702848,0.7020256661172593
0.06705498695373535,-0.023981512380391323,-0.6851414287460025,-1.1814232515660623,0.08258130067038662,-0.022649739665520363,-0.7060775360203708,0.7029379995419746
0.0837399959564209,-0.023981512380391323,-0.6851414287460025,-1.1814232515660623,0.08258130067038662,-0.022649739665520363,-0.7060775360203708,0.7029379995419746
0.10049319267272949,-0.022126376626338966,-0.6852821685518683,-1.1817901499572057,0.0814521810427388,-0.024336708971048115,-0.7057704966975902,0.7033215998325918
0.11714816093444824,-0.022126376626338966,-0.6852821685518683,-1.1817901499572057,0.0814521810427388,-0.024336708971048115,-0.7057704966975902,0.7033215998325918
0.13367414474487305,-0.019396925817757104,-0.6856261872737967,-1.1822921384627703,0.07965110467275362,-0.026494710420118472,-0.70621089670672,0.7030077533120491
0.15029597282409668,-0.019396925817757104,-0.6856261872737967,-1.1822921384627703,0.07965110467275362,-0.026494710420118472,-0.70621089670672,0.7030077533120491
0.1669449806213379,-0.016105415516237256,-0.6855825671129764,-1.1827259137792385,0.07792229384275584,-0.027936542512069118,-0.7074446484109077,0.7019043632500954
0.18413710594177246,-0.016105415516237256,-0.6855825671129764,-1.1827259137792385,0.07792229384275584,-0.027936542512069118,-0.7074446484109077,0.7019043632500954
0.20042014122009277,-0.012628862763342174,-0.6851178057442856,-1.183173492344458,0.07772571042895744,-0.029776985619703933,-0.7067188341923547,0.702581336546536
0.21772313117980957,-0.012628862763342174,-0.6851178057442856,-1.183173492344458,0.07772571042895744,-0.029776985619703933,-0.7067188341923547,0.702581336546536
0.23367810249328613,-0.008294766652687925,-0.6845146304342982,-1.1841001963056847,0.07586650635023852,-0.03218186634082765,-0.7054192850212396,0.7039831198353791
0.2505640983581543,-0.008294766652687925,-0.6845146304342982,-1.1841001963056847,0.07586650635023852,-0.03218186634082765,-0.7054192850212396,0.7039831198353791
0.2668781280517578,-0.003122513694984018,-0.6838274321557094,-1.185719816865382,0.07156793123144788,-0.037251404429332224,-0.7039610924611533,0.7056409457990604
0.2843000888824463,-0.003122513694984018,-0.6838274321557094,-1.185719816865382,0.07156793123144788,-0.037251404429332224,-0.7039610924611533,0.7056409457990604
0.30040502548217773,0.002702705219505892,-0.682887854331225,-1.1874845958129825,0.06667288746632162,-0.04269570706759601,-0.7023738984214911,0.7073914824841321
0.3170340061187744,0.002702705219505892,-0.682887854331225,-1.1874845958129825,0.06667288746632162,-0.04269570706759601,-0.7023738984214911,0.7073914824841321
0.3340489864349365,0.00930713735424337,-0.6819985135324986,-1.1889170842679302,0.06450662318383434,-0.04702275852598392,-0.6996723543186908,0.7099903889125303
0.3506190776824951,0.00930713735424337,-0.6819985135324986,-1.1889170842679302,0.06450662318383434,-0.04702275852598392,-0.6996723543186908,0.7099903889125303
0.36701107025146484,0.016961526341742514,-0.6811120336978287,-1.190844786183094,0.062211754616276455,-0.05185786373968365,-0.6985695903348306,0.7109437298516299
0.3836381435394287,0.016961526341742514,-0.6811120336978287,-1.190844786183094,0.062211754616276455,-0.05185786373968365,-0.6985695903348306,0.7109437298516299
0.4003610610961914,0.025115030949408215,-0.6801036157004592,-1.193119521587459,0.058505373415017846,-0.05463500789499387,-0.6985189470162732,0.7111001461490217
0.41721606254577637,0.025115030949408215,-0.6801036157004592,-1.193119521587459,0.058505373415017846,-0.05463500789499387,-0.6985189470162732,0.7111001461490217
0.4335939884185791,0.033056897484572585,-0.6788757720239447,-1.1954955538289695,0.05625551790324903,-0.058539914192504205,-0.6968561107691927,0.7126008392048149
0.45052313804626465,0.033056897484572585,-0.6788757720239447,-1.1954955538289695,0.05625551790324903,-0.058539914192504205,-0.6968561107691927,0.7126008392048149
0.4677300453186035,0.041712289206202256,-0.6778478070671909,-1.1984122506403558,0.053637685305489735,-0.06257334832686445,-0.6944984525919456,0.7147583326842907
0.48398518562316895,0.041712289206202256,-0.6778478070671909,-1.1984122506403558,0.053637685305489735,-0.06257334832686445,-0.6944984525919456,0.7147583326842907
0.5016219615936279,0.05145611677071449,-0.6772840589792758,-1.2018587805424308,0.05010997083441186,-0.06487656803477837,-0.694731868808563,0.7145821521733977
0.5175561904907227,0.05145611677071449,-0.6772840589792758,-1.2018587805424308,0.05010997083441186,-0.06487656803477837,-0.694731868808563,0.7145821521733977
0.5336201190948486,0.06184852345721499,-0.676777156069758,-1.2050983159230781,0.0490920623693084,-0.060377974284675395,-0.7000595772267175,0.7098317110180105
0.55063796043396,0.06184852345721499,-0.676777156069758,-1.2050983159230781,0.0490920623693084,-0.060377974284675395,-0.7000595772267175,0.7098317110180105
0.5672211647033691,0.07189719354205039,-0.6762362026378199,-1.208451056082278,0.05112661840322652,-0.05773355619050513,-0.7022947657029314,0.707696946048599
0.583712100982666,0.07189719354205039,-0.6762362026378199,-1.208451056082278,0.05112661840322652,-0.05773355619050513,-0.7022947657029314,0.707696946048599
0.6009070873260498,0.08216219441543798,-0.675968451424247,-1.2130409000346942,0.04801538694079258,-0.05935492244288032,-0.7026096595657386,0.7074681491654893
0.6169891357421875,0.08216219441543798,-0.675968451424247,-1.2130409000346942,0.04801538694079258,-0.05935492244288032,-0.7026096595657386,0.7074681491654893
0.6341650485992432,0.09275624287767814,-0.675385449333046,-1.2180513610727954,0.045207640965772095,-0.05783336188974442,-0.7060144457783946,0.7043828318486088
0.650536060333252,0.09275624287767814,-0.675385449333046,-1.2180513610727954,0.045207640965772095,-0.05783336188974442,-0.7060144457783946,0.7043828318486088
0.6672580242156982,0.1034277317904882,-0.6748541956829607,-1.223224185346287,0.04371485894664275,-0.05584684818280483,-0.7078554133989257,0.702787915645366
0.6836910247802734,0.1034277317904882,-0.6748541956829607,-1.223224185346287,0.04371485894664275,-0.05584684818280483,-0.7078554133989257,0.702787915645366
0.7003190517425537,0.11462268114368203,-0.6745062641506934,-1.2290496870640086,0.03891328467516181,-0.05939666233532315,-0.7077560940560379,0.702879153272989
0.7170050144195557,0.11462268114368203,-0.6745062641506934,-1.2290496870640086,0.03891328467516181,-0.05939666233532315,-0.7077560940560379,0.702879153272989
0.7342970371246338,0.1263950540853767,-0.6741466801799832,-1.2353932813193726,0.03249887228798144,-0.06361243087675428,-0.7072286614410656,0.7033668334334783
0.7505900859832764,0.1263950540853767,-0.6741466801799832,-1.2353932813193726,0.03249887228798144,-0.06361243087675428,-0.7072286614410656,0.7033668334334783
0.7684481143951416,0.13872949375369403,-0.6740446874781765,-1.2417156437267287,0.026723389691150887,-0.06881871382099569,-0.7075932211009849,0.7027529285057244
0.7839310169219971,0.13872949375369403,-0.6740446874781765,-1.2417156437267287,0.026723389691150887,-0.06881871382099569,-0.7075932211009849,0.7027529285057244
0.8003931045532227,0.15124356533484784,-0.6739072662712696,-1.2479921721580045,0.022558827618361334,-0.07172947056430795,-0.7087015579243969,0.7014899030952488
0.8176209926605225,0.15124356533484784,-0.6739072662712696,-1.2479921721580045,0.022558827618361334,-0.07172947056430795,-0.7087015579243969,0.7014899030952488
0.8339681625366211,0.1641281951349829,-0.6735486961034687,-1.2543921197547887,0.01929018861980244,-0.07403542456705764,-0.7098432015039876,0.7001923120191746
0.8503720760345459,0.1641281951349829,-0.6735486961034687,-1.2543921197547887,0.01929018861980244,-0.07403542456705764,-0.7098432015039876,0.7001923120191746
0.8671159744262695,0.17679914839729116,-0.6732394740016724,-1.2610237874736125,0.014295372976827009,-0.07920880591974283,-0.710731743221346,0.6988433276162607
0.8845200538635254,0.17679914839729116,-0.6732394740016724,-1.2610237874736125,0.014295372976827009,-0.07920880591974283,-0.710731743221346,0.6988433276162607
0.9003009796142578,0.18987875758855183,-0.6728106241608192,-1.2681860631588817,0.009925536012081149,-0.0812992084975756,-0.7126399269037944,0.696732557740124
0.917708158493042,0.18987875758855183,-0.6728106241608192,-1.2681860631588817,0.009925536012081149,-0.0812992084975756,-0.7126399269037944,0.696732557740124
0.9337141513824463,0.2028648844061977,-0.6726001073187218,-1.2758953171171223,0.004623660204946977,-0.08553357741361839,-0.7147957293381098,0.6940674997585882
0.9518640041351318,0.2028648844061977,-0.6726001073187218,-1.2758953171171223,0.004623660204946977,-0.08553357741361839,-0.7147957293381098,0.6940674997585882
0.9669461250305176,0.21536249131950733,-0.6723069444756603,-1.2842385702406898,-0.004131103342040359,-0.09370517830770253,-0.713382876154344,0.6944689665876042
0.9835431575775146,0.21536249131950733,-0.6723069444756603,-1.2842385702406898,-0.004131103342040359,-0.09370517830770253,-0.713382876154344,0.6944689665876042
1.0002720355987549,0.2275678230391354,-0.6721443828372804,-1.2933072924548537,-0.014403136180811012,-0.10422651888548518,-0.709417935926681,0.6968899300568913
1.0173451900482178,0.2275678230391354,-0.6721443828372804,-1.2933072924548537,-0.014403136180811012,-0.10422651888548518,-0.709417935926681,0.6968899300568913
1.0336461067199707,0.23930863055170543,-0.6723867593918401,-1.30179877647553,-0.024007678174228723,-0.1104065978127704,-0.7103982534793084,0.6946713870612782
1.050800085067749,0.23930863055170543,-0.6723867593918401,-1.30179877647553,-0.024007678174228723,-0.1104065978127704,-0.7103982534793084,0.6946713870612782
1.0671491622924805,0.2511599472617954,-0.6726011639435664,-1.3098947069942608,-0.03168494323682775,-0.11394323576800669,-0.7128724058205456,0.6912495471350578
1.0840179920196533,0.2511599472617954,-0.6726011639435664,-1.3098947069942608,-0.03168494323682775,-0.11394323576800669,-0.7128724058205456,0.6912495471350578
1.1003060340881348,0.260861110811776,-0.6721211994668046,-1.318611589064338,-0.04173228487043529,-0.12055925999702266,-0.7121850125789148,0.6903016652786188
1.1174700260162354,0.260861110811776,-0.6721211994668046,-1.318611589064338,-0.04173228487043529,-0.12055925999702266,-0.7121850125789148,0.6903016652786188
1.1338210105895996,0.2702266217142842,-0.6712062004938896,-1.3270290140376817,-0.051463234969361185,-0.12772079292177047,-0.7080536716649982,0.6926030122253567
1.1509339809417725,0.2702266217142842,-0.6712062004938896,-1.3270290140376817,-0.051463234969361185,-0.12772079292177047,-0.7080536716649982,0.6926030122253567
1.1669590473175049,0.27897110025736327,-0.6706149343745206,-1.3353651252367134,-0.060123482946967795,-0.13520385981295202,-0.7049718523005464,0.693627977055382
1.1841461658477783,0.27897110025736327,-0.6706149343745206,-1.3353651252367134,-0.060123482946967795,-0.13520385981295202,-0.7049718523005464,0.693627977055382
1.2003200054168701,0.2876412500800706,-0.670703634907775,-1.3437187476196484,-0.06925259154620889,-0.14180100131159978,-0.703339723069059,0.6931159993423183
1.217203140258789,0.2876412500800706,-0.670703634907775,-1.3437187476196484,-0.06925259154620889,-0.14180100131159978,-0.703339723069059,0.6931159993423183
1.2336211204528809,0.29655516086544614,-0.6711836784452067,-1.3520298473456238,-0.07637518837232965,-0.14568910268517787,-0.7052095647006894,0.6896528009183629
1.2503180503845215,0.29655516086544614,-0.6711836784452067,-1.3520298473456238,-0.07637518837232965,-0.14568910268517787,-0.7052095647006894,0.6896528009183629
1.272191047668457,0.30473379081190677,-0.6719362190172661,-1.3604471230293158,-0.08469381530525004,-0.1515190835305133,-0.70529854369058,0.6873302621324484
1.283696174621582,0.30473379081190677,-0.6719362190172661,-1.3604471230293158,-0.08469381530525004,-0.1515190835305133,-0.70529854369058,0.6873302621324484
1.3011009693145752,0.31222630705839177,-0.6727390590198751,-1.3688989264978084,-0.09215917449097724,-0.15775768447558564,-0.7035251277338013,0.6867835133382147
1.3169360160827637,0.31222630705839177,-0.6727390590198751,-1.3688989264978084,-0.09215917449097724,-0.15775768447558564,-0.7035251277338013,0.6867835133382147
1.3340060710906982,0.3193678660988814,-0.6741227842380483,-1.377752499024514,-0.10128367071468168,-0.16482278543784817,-0.7015614148071901,0.6858473946154511
1.3503639698028564,0.3193678660988814,-0.6741227842380483,-1.377752499024514,-0.10128367071468168,-0.16482278543784817,-0.7015614148071901,0.6858473946154511
1.3679051399230957,0.32630414791882945,-0.6757940384511752,-1.3866433549370318,-0.11211915547491436,-0.17128755493519138,-0.7002736701004105,0.6838908213041152
1.3840820789337158,0.32630414791882945,-0.6757940384511752,-1.3866433549370318,-0.11211915547491436,-0.17128755493519138,-0.7002736701004105,0.6838908213041152
1.4003210067749023,0.33286355523481226,-0.6774182836505845,-1.395098502127451,-0.12088530761919469,-0.17773288789931865,-0.6983824348659361,0.6826856799666352
1.4174251556396484,0.33286355523481226,-0.6774182836505845,-1.395098502127451,-0.12088530761919469,-0.17773288789931865,-0.6983824348659361,0.6826856799666352
1.4344220161437988,0.3389794162951228,-0.6789543777302456,-1.4033358417660495,-0.12981681545920695,-0.18487104789123823,-0.6948516369284319,0.6827528782315786
1.4502639770507812,0.3389794162951228,-0.6789543777302456,-1.4033358417660495,-0.12981681545920695,-0.18487104789123823,-0.6948516369284319,0.6827528782315786
1.4672491550445557,0.3446774475646369,-0.6805843789483917,-1.4112089919659547,-0.13981543447635902,-0.19410025348567195,-0.6898780039389278,0.6832606205250127
1.4836280345916748,0.3446774475646369,-0.6805843789483917,-1.4112089919659547,-0.13981543447635902,-0.19410025348567195,-0.6898780039389278,0.6832606205250127
1.5005691051483154,0.3502507043515672,-0.6821470161414303,-1.418747891185448,-0.1490520346074728,-0.20046358979799567,-0.686618382404577,0.6827540092074125
1.5169520378112793,0.3502507043515672,-0.6821470161414303,-1.418747891185448,-0.1490520346074728,-0.20046358979799567,-0.686618382404577,0.6827540092074125
1.535222053527832,0.35573550056513775,-0.6834482827221768,-1.4255625979405098,-0.15434558868303538,-0.20551215965118866,-0.6849762534478259,0.6817255486646896
1.5507490634918213,0.35573550056513775,-0.6834482827221768,-1.4255625979405098,-0.15434558868303538,-0.20551215965118866,-0.6849762534478259,0.6817255486646896
1.5671319961547852,0.3606748737908999,-0.684916961646266,-1.4323966665956582,-0.16307960240396832,-0.2140306591478537,-0.6791072784805935,0.6829415967263824
1.583693027496338,0.3606748737908999,-0.684916961646266,-1.4323966665956582,-0.16307960240396832,-0.2140306591478537,-0.6791072784805935,0.6829415967263824
1.6004669666290283,0.3652535452378335,-0.6865721511055478,-1.4387513244054055,-0.17235875388341498,-0.22314833689062508,-0.6731914994003616,0.6836011152988248
1.6170339584350586,0.3652535452378335,-0.6865721511055478,-1.4387513244054055,-0.17235875388341498,-0.22314833689062508,-0.6731914994003616,0.6836011152988248
1.633890151977539,0.3697721656239325,-0.6884544467760317,-1.4441540204699288,-0.1820494159723583,-0.22984804107048434,-0.6685645080704135,0.6834101160421538
1.654021978378296,0.3697721656239325,-0.6884544467760317,-1.4441540204699288,-0.1820494159723583,-0.22984804107048434,-0.6685645080704135,0.6834101160421538
1.6669790744781494,0.3749183485313775,-0.6903938073112931,-1.4493850467455114,-0.18858026094081803,-0.23578501047205502,-0.6682689962198956,0.6798966559054685
1.6839179992675781,0.3749183485313775,-0.6903938073112931,-1.4493850467455114,-0.18858026094081803,-0.23578501047205502,-0.6682689962198956,0.6798966559054685
1.7005290985107422,0.37858012408064945,-0.6918744155814944,-1.453902534307117,-0.19713904873917287,-0.24476303117936446,-0.6623531666637259,0.6800849481062186
1.7173011302947998,0.37858012408064945,-0.6918744155814944,-1.453902534307117,-0.19713904873917287,-0.24476303117936446,-0.6623531666637259,0.6800849481062186
1.733705997467041,0.38165862683723334,-0.6934879805682695,-1.4589803656043687,-0.21014052239354558,-0.2556183651446579,-0.6514654885573175,0.6827099892836753
1.7502121925354004,0.38165862683723334,-0.6934879805682695,-1.4589803656043687,-0.21014052239354558,-0.2556183651446579,-0.6514654885573175,0.6827099892836753
1.7668671607971191,0.3847937008692732,-0.6949550255463766,-1.4631967686470775,-0.21784628714404855,-0.262208934285046,-0.6471198936508911,0.6819276451354003
1.7837409973144531,0.3847937008692732,-0.6949550255463766,-1.4631967686470775,-0.21784628714404855,-0.262208934285046,-0.6471198936508911,0.6819276451354003
1.8003230094909668,0.38740219421308225,-0.6959530058189074,-1.4662088123801849,-0.22185601895423765,-0.2650615560086645,-0.6460969914756145,0.6805005187258878
1.817667007446289,0.38740219421308225,-0.6959530058189074,-1.4662088123801849,-0.22185601895423765,-0.2650615560086645,-0.6460969914756145,0.6805005187258878
1.8336560726165771,0.38985984746446567,-0.6965288616169716,-1.4684989417983858,-0.22684424504932482,-0.27004615830440715,-0.6431496737401474,0.679687617984155
1.8508529663085938,0.38985984746446567,-0.6965288616169716,-1.4684989417983858,-0.22684424504932482,-0.27004615830440715,-0.6431496737401474,0.679687617984155
1.8671669960021973,0.39216989212535286,-0.6976838605136905,-1.4706745565554975,-0.23144751679367126,-0.2764356043576567,-0.6384208517599929,0.6800251610429617
1.8841700553894043,0.39216989212535286,-0.6976838605136905,-1.4706745565554975,-0.23144751679367126,-0.2764356043576567,-0.6384208517599929,0.6800251610429617
1.9005889892578125,0.3945524820056494,-0.6997976997688844,-1.4729606194755227,-0.23635760788791335,-0.2820670968204966,-0.6350180959066483,0.6792092843563425
1.9170241355895996,0.3945524820056494,-0.6997976997688844,-1.4729606194755227,-0.23635760788791335,-0.2820670968204966,-0.6350180959066483,0.6792092843563425
1.93361496925354,0.39690451999668475,-0.7023407386054035,-1.475129477334771,-0.24234432248009213,-0.2880817384900518,-0.6319456459055762,0.6774384414330198
1.9503130912780762,0.39690451999668475,-0.7023407386054035,-1.475129477334771,-0.24234432248009213,-0.2880817384900518,-0.6319456459055762,0.6774384414330198
1.9669561386108398,0.39870691579671297,-0.7052024458598282,-1.4772013729171307,-0.24933858658767666,-0.2949293472810224,-0.6253052857089564,0.678115218097404
1.9837920665740967,0.39870691579671297,-0.7052024458598282,-1.4772013729171307,-0.24933858658767666,-0.2949293472810224,-0.6253052857089564,0.678115218097404
2.0004360675811768,0.40078487430824633,-0.7080893410580894,-1.4789889483190748,-0.254791949691527,-0.3016388813481593,-0.6214252472082522,0.6767020834633094
2.017381191253662,0.40078487430824633,-0.7080893410580894,-1.4789889483190748,-0.254791949691527,-0.3016388813481593,-0.6214252472082522,0.6767020834633094
2.03393816947937,0.4025665945547111,-0.7108942816045409,-1.4806781755104101,-0.26153449889482044,-0.3096302307418477,-0.6156834025818904,0.6757682841653427
2.0504560470581055,0.4025665945547111,-0.7108942816045409,-1.4806781755104101,-0.26153449889482044,-0.3096302307418477,-0.6156834025818904,0.6757682841653427
2.0671679973602295,0.4037542230880523,-0.7134896299071304,-1.4824457648639418,-0.26949719542334727,-0.3191395510493953,-0.6063730785384315,0.6766335036330714
2.0836281776428223,0.4037542230880523,-0.7134896299071304,-1.4824457648639418,-0.26949719542334727,-0.3191395510493953,-0.6063730785384315,0.6766335036330714
2.1005799770355225,0.4049635381388032,-0.7158482062145471,-1.4843591556981006,-0.2772070341432282,-0.32784339783308364,-0.5974214566960012,0.6773201383378478
2.11700701713562,0.4049635381388032,-0.7158482062145471,-1.4843591556981006,-0.2772070341432282,-0.32784339783308364,-0.5974214566960012,0.6773201383378478
2.133674144744873,0.40609039924201706,-0.7173172767795454,-1.4853387045855895,-0.2847937101271213,-0.3352757717468904,-0.5909005169139189,0.6762538566710137
2.1507010459899902,0.40609039924201706,-0.7173172767795454,-1.4853387045855895,-0.2847937101271213,-0.3352757717468904,-0.5909005169139189,0.6762538566710137
2.1675961017608643,0.4067263908615138,-0.7186549040936479,-1.4863915519392628,-0.294036448853545,-0.3430749596804179,-0.5819337633041165,0.6761621358169835
2.1836609840393066,0.4067263908615138,-0.7186549040936479,-1.4863915519392628,-0.294036448853545,-0.3430749596804179,-0.5819337633041165,0.6761621358169835
2.2011330127716064,0.40735894896899477,-0.7200144296032809,-1.487794246242221,-0.303289754180386,-0.3510304707002458,-0.5723507400431869,0.6761712534714717
2.217350959777832,0.40735894896899477,-0.7200144296032809,-1.487794246242221,-0.303289754180386,-0.3510304707002458,-0.5723507400431869,0.6761712534714717
2.2357990741729736,0.40773909262415853,-0.7202839661465603,-1.4886506494132097,-0.31084617827819255,-0.3563795133140657,-0.5643190749791509,0.6766921586323775
2.2502920627593994,0.40773909262415853,-0.7202839661465603,-1.4886506494132097,-0.31084617827819255,-0.3563795133140657,-0.5643190749791509,0.6766921586323775
2.2670350074768066,0.4080701242777023,-0.7206494724578858,-1.4898550954746652,-0.3172996542010245,-0.360905952816159,-0.5571474642661263,0.6772403751457791
2.2836620807647705,0.4080701242777023,-0.7206494724578858,-1.4898550954746652,-0.3172996542010245,-0.360905952816159,-0.5571474642661263,0.6772403751457791
2.3002421855926514,0.4085440154481601,-0.7207174715942939,-1.4909760313315532,-0.32349648773356676,-0.3649625419227451,-0.5511557384867539,0.6770374563866137
2.317082166671753,0.4085440154481601,-0.7207174715942939,-1.4909760313315532,-0.32349648773356676,-0.3649625419227451,-0.5511557384867539,0.6770374563866137
2.334038019180298,0.4092177702460677,-0.720348493094637,-1.492007551574956,-0.3268197751137482,-0.367952275273283,-0.5479614634611903,0.6764156948779974
2.3503000736236572,0.4092177702460677,-0.720348493094637,-1.492007551574956,-0.3268197751137482,-0.367952275273283,-0.5479614634611903,0.6764156948779974
2.367032051086426,0.4093780504518119,-0.7202283206648168,-1.4933559421367133,-0.33332976056314667,-0.37299798000320256,-0.5393780328905466,0.6773736895330154
2.383711099624634,0.4093780504518119,-0.7202283206648168,-1.4933559421367133,-0.33332976056314667,-0.37299798000320256,-0.5393780328905466,0.6773736895330154
2.400763988494873,0.4095919119160546,-0.7198416436269511,-1.4948638399228265,-0.34176429714536977,-0.37804594239977335,-0.5293590028933711,0.6782753693652267
2.41719913482666,0.4095919119160546,-0.7198416436269511,-1.4948638399228265,-0.34176429714536977,-0.37804594239977335,-0.5293590028933711,0.6782753693652267
2.433744192123413,0.41024837224006433,-0.7192103726865035,-1.4967658194481284,-0.3472933640541512,-0.38241804348879016,-0.522781108051044,0.6781177422565197
2.4514331817626953,0.41024837224006433,-0.7192103726865035,-1.4967658194481284,-0.3472933640541512,-0.38241804348879016,-0.522781108051044,0.6781177422565197
2.4672770500183105,0.41065301129357556,-0.7184822627570566,-1.4980731181810965,-0.35231585174026453,-0.3856721213315118,-0.5151437249783571,0.679527407876685
2.4836390018463135,0.41065301129357556,-0.7184822627570566,-1.4980731181810965,-0.35231585174026453,-0.3856721213315118,-0.5151437249783571,0.679527407876685
2.5002970695495605,0.41117572779999817,-0.717890448363375,-1.4987806296100916,-0.3554973876198669,-0.38888795658798914,-0.5103969404081453,0.6796195463921504
2.5169880390167236,0.41117572779999817,-0.717890448363375,-1.4987806296100916,-0.3554973876198669,-0.38888795658798914,-0.5103969404081453,0.6796195463921504
2.533921003341675,0.41160099160753344,-0.7170863229778648,-1.4996371039156338,-0.3590037042606913,-0.39195919935033224,-0.5047818843887539,0.6802055392046487
2.55026912689209,0.41160099160753344,-0.7170863229778648,-1.4996371039156338,-0.3590037042606913,-0.39195919935033224,-0.5047818843887539,0.6802055392046487
2.56695818901062,0.4122474255872587,-0.7162131121394146,-1.5007271541338263,-0.363586749810013,-0.3959059891376901,-0.4978808597976175,0.6805716513157766
2.58410906791687,0.4122474255872587,-0.7162131121394146,-1.5007271541338263,-0.363586749810013,-0.3959059891376901,-0.4978808597976175,0.6805716513157766
2.600398063659668,0.41271244912122623,-0.7158378491617718,-1.501613185523432,-0.3682529998632547,-0.4009593219763356,-0.48996202417508855,0.6808513531441648
2.6178650856018066,0.41271244912122623,-0.7158378491617718,-1.501613185523432,-0.3682529998632547,-0.4009593219763356,-0.48996202417508855,0.6808513531441648
2.633769989013672,0.41294505808556703,-0.7156541784776213,-1.502672488447567,-0.37421669044056904,-0.40456310435509757,-0.4824306099533945,0.6808459956335714
2.650468111038208,0.41294505808556703,-0.7156541784776213,-1.502672488447567,-0.37421669044056904,-0.40456310435509757,-0.4824306099533945,0.6808459956335714
2.6670050621032715,0.4133430310592678,-0.715246199472912,-1.5036838755954312,-0.37902425057814193,-0.40849449814607697,-0.4766451359272621,0.6799134333537943
2.683873176574707,0.4133430310592678,-0.715246199472912,-1.5036838755954312,-0.37902425057814193,-0.40849449814607697,-0.4766451359272621,0.6799134333537943
2.7002930641174316,0.41347710038253754,-0.7149407609722851,-1.5041894114336518,-0.38375792690451194,-0.4138169946047072,-0.4675707668089364,0.6803403020106794
2.717353105545044,0.41347710038253754,-0.7149407609722851,-1.5041894114336518,-0.38375792690451194,-0.4138169946047072,-0.4675707668089364,0.6803403020106794
2.733731985092163,0.4135574194153373,-0.714654313173187,-1.5045835861369112,-0.38858924494006164,-0.41696573377727114,-0.4597486735908702,0.6810059711220826
2.7537801265716553,0.4135574194153373,-0.714654313173187,-1.5045835861369112,-0.38858924494006164,-0.41696573377727114,-0.4597486735908702,0.6810059711220826
2.767503023147583,0.41376099593434995,-0.7142188089631617,-1.505084448754567,-0.3921677168734915,-0.42021423674375113,-0.45592701464206076,0.6795255951026996
2.783722162246704,0.41376099593434995,-0.7142188089631617,-1.505084448754567,-0.3921677168734915,-0.42021423674375113,-0.45592701464206076,0.6795255951026996
2.8037960529327393,0.4135189275231184,-0.7135385852823534,-1.5057375877338672,-0.3954879764807742,-0.42335587977102845,-0.4489596618525778,0.6802898511308691
2.8169620037078857,0.4135189275231184,-0.7135385852823534,-1.5057375877338672,-0.3954879764807742,-0.42335587977102845,-0.4489596618525778,0.6802898511308691
2.8335440158843994,0.41330307393770804,-0.7124504748730198,-1.506334443414226,-0.39824266344019843,-0.42697622921070777,-0.4410687031100046,0.6815808681601332
2.850214958190918,0.41330307393770804,-0.7124504748730198,-1.506334443414226,-0.39824266344019843,-0.42697622921070777,-0.4410687031100046,0.6815808681601332
2.867213010787964,0.4131002200147041,-0.7110768036956173,-1.50701993787227,-0.4005528988961961,-0.4287506106346164,-0.43630332446041237,0.6821801068127749
2.883890151977539,0.4131002200147041,-0.7110768036956173,-1.50701993787227,-0.4005528988961961,-0.4287506106346164,-0.43630332446041237,0.6821801068127749
2.900308132171631,0.4128859295836392,-0.7096967289156432,-1.5077669051900715,-0.40323742248794175,-0.4322172668399818,-0.43014907401668595,0.6823192723888464
2.9171299934387207,0.4128859295836392,-0.7096967289156432,-1.5077669051900715,-0.40323742248794175,-0.4322172668399818,-0.43014907401668595,0.6823192723888464
2.9340381622314453,0.4124451339368761,-0.7084732312933258,-1.508785580152152,-0.4071527753387782,-0.435974768480712,-0.4209571939685133,0.6833356859028186
2.950345039367676,0.4124451339368761,-0.7084732312933258,-1.508785580152152,-0.4071527753387782,-0.435974768480712,-0.4209571939685133,0.6833356859028186
2.9678781032562256,0.41221681696347295,-0.7076004852715307,-1.509947132975216,-0.41175531973364826,-0.4384744057153402,-0.41341187720319983,0.6835849413137675
2.9839119911193848,0.41221681696347295,-0.7076004852715307,-1.509947132975216,-0.41175531973364826,-0.4384744057153402,-0.41341187720319983,0.6835849413137675
3.0010671615600586,0.4123088333235532,-0.7065514764061123,-1.510713454335442,-0.41372877239527056,-0.4407450835147423,-0.4110135585810365,0.6823782887170706
3.0172040462493896,0.4123088333235532,-0.7065514764061123,-1.510713454335442,-0.41372877239527056,-0.4407450835147423,-0.4110135585810365,0.6823782887170706
3.0336341857910156,0.4121808285975461,-0.7052938049773039,-1.5113589925005546,-0.4149513521331441,-0.44154261537967054,-0.40711009369043977,0.6834594836432638
3.0503029823303223,0.4121808285975461,-0.7052938049773039,-1.5113589925005546,-0.4149513521331441,-0.44154261537967054,-0.40711009369043977,0.6834594836432638
3.067142963409424,0.4124080829029437,-0.704316858775599,-1.5119246201587098,-0.4161686943672759,-0.44238803197930837,-0.4059376211367477,0.6828697494661407
3.083656072616577,0.4124080829029437,-0.704316858775599,-1.5119246201587098,-0.4161686943672759,-0.44238803197930837,-0.4059376211367477,0.6828697494661407
3.1005191802978516,0.41273595788630435,-0.7035160074539584,-1.5121463063270901,-0.41722841190579874,-0.4421605376004326,-0.4051918140188157,0.6828133750444576
3.1170501708984375,0.41273595788630435,-0.7035160074539584,-1.5121463063270901,-0.41722841190579874,-0.4421605376004326,-0.4051918140188157,0.6828133750444576
3.1337671279907227,0.41347181823953294,-0.7028209302421442,-1.5121291482379362,-0.41685631412535695,-0.4438393834665735,-0.4054860800462691,0.6817759558289982
3.1504080295562744,0.41347181823953294,-0.7028209302421442,-1.5121291482379362,-0.41685631412535695,-0.4438393834665735,-0.4054860800462691,0.6817759558289982
3.1672990322113037,0.4138149004927314,-0.7024611603190711,-1.5121732006021908,-0.4188198226993026,-0.4472882278636399,-0.39908515388300925,0.6820954751931025
3.1837751865386963,0.4138149004927314,-0.7024611603190711,-1.5121732006021908,-0.4188198226993026,-0.4472882278636399,-0.39908515388300925,0.6820954751931025
3.2002639770507812,0.41438336312552726,-0.7025602646029596,-1.5120670111528112,-0.4230797738225308,-0.4500005307993197,-0.39347092306082454,0.6809432134681054
3.2169251441955566,0.41438336312552726,-0.7025602646029596,-1.5120670111528112,-0.4230797738225308,-0.4500005307993197,-0.39347092306082454,0.6809432134681054
3.2338571548461914,0.41539915277887773,-0.7024118193570127,-1.5116897916630196,-0.42492998958020045,-0.4519558171309218,-0.39342976807174096,0.6785156305582856
3.250437021255493,0.41539915277887773,-0.7024118193570127,-1.5116897916630196,-0.42492998958020045,-0.4519558171309218,-0.39342976807174096,0.6785156305582856
3.267003059387207,0.41594278054999007,-0.7020319862593272,-1.5111963978306153,-0.4254393890834805,-0.4538752104148268,-0.39034409247450125,0.6786973619054593
3.2840981483459473,0.41594278054999007,-0.7020319862593272,-1.5111963978306153,-0.4254393890834805,-0.4538752104148268,-0.39034409247450125,0.6786973619054593
3.300464153289795,0.4160889456435055,-0.7016048185588547,-1.5105923844301017,-0.4260415048272536,-0.45495850456086406,-0.3881450096604059,0.6788555418997437
3.3178141117095947,0.4160889456435055,-0.7016048185588547,-1.5105923844301017,-0.4260415048272536,-0.45495850456086406,-0.3881450096604059,0.6788555418997437
3.334463119506836,0.4162706191664066,-0.701016543235279,-1.5104963164907925,-0.4265933706380548,-0.45543307793600485,-0.3866476224334947,0.6790452295067879
3.3502721786499023,0.4162706191664066,-0.701016543235279,-1.5104963164907925,-0.4265933706380548,-0.45543307793600485,-0.3866476224334947,0.6790452295067879
3.3675200939178467,0.416418162000157,-0.7003088421826972,-1.5103155868469136,-0.4258153602091888,-0.454706719633731,-0.38737108740834103,0.67960776832665
3.3842921257019043,0.416418162000157,-0.7003088421826972,-1.5103155868469136,-0.4258153602091888,-0.454706719633731,-0.38737108740834103,0.67960776832665
3.400325059890747,0.4165528727318207,-0.6996281973663309,-1.5101985803615983,-0.4244480549854862,-0.4536248225017747,-0.3888344068458068,0.6803500371736162
3.417078971862793,0.4165528727318207,-0.6996281973663309,-1.5101985803615983,-0.4244480549854862,-0.4536248225017747,-0.3888344068458068,0.6803500371736162
3.4337010383605957,0.41661493984139875,-0.6988141537865878,-1.5100548467722033,-0.4233958959893609,-0.4529222190783634,-0.38999658849993213,0.6808083722185794
3.450446128845215,0.41661493984139875,-0.6988141537865878,-1.5100548467722033,-0.4233958959893609,-0.4529222190783634,-0.38999658849993213,0.6808083722185794
3.4669511318206787,0.4165584273303802,-0.6983070819863716,-1.5100104004801673,-0.4233233243177547,-0.4534875978120045,-0.3878378033822069,0.6817097622793201
3.4836270809173584,0.4165584273303802,-0.6983070819863716,-1.5100104004801673,-0.4233233243177547,-0.4534875978120045,-0.3878378033822069,0.6817097622793201
3.5002200603485107,0.4164401831330631,-0.6981499510537648,-1.510126158017521,-0.4261356859538966,-0.45549071356158943,-0.38307677066574347,0.6813140060148928
3.5169410705566406,0.4164401831330631,-0.6981499510537648,-1.510126158017521,-0.4261356859538966,-0.45549071356158943,-0.38307677066574347,0.6813140060148928
3.5336880683898926,0.4166968122103233,-0.6975642142613941,-1.5101457853186715,-0.4264149017292826,-0.45609295094778723,-0.3830901002916813,0.6807286733621961
3.5504791736602783,0.4166968122103233,-0.6975642142613941,-1.5101457853186715,-0.4264149017292826,-0.45609295094778723,-0.3830901002916813,0.6807286733621961
3.5670511722564697,0.41695388318448245,-0.696873802623262,-1.5099439334013265,-0.42635311662091047,-0.45571573035660623,-0.3832821172239635,0.6809118971419849
3.5837361812591553,0.41695388318448245,-0.696873802623262,-1.5099439334013265,-0.42635311662091047,-0.45571573035660623,-0.3832821172239635,0.6809118971419849
3.6010031700134277,0.41732069215195106,-0.6961860168149434,-1.5095414112055896,-0.4263816580991943,-0.45668414987932326,-0.381672707565224,0.6811491857041401
3.6169700622558594,0.41732069215195106,-0.6961860168149434,-1.5095414112055896,-0.4263816580991943,-0.45668414987932326,-0.381672707565224,0.6811491857041401
3.6339221000671387,0.41738134240845093,-0.6957165832932761,-1.5093034793755902,-0.42777605491241705,-0.45813689113095246,-0.37824589922049623,0.6812108891902072
3.6502840518951416,0.41738134240845093,-0.6957165832932761,-1.5093034793755902,-0.42777605491241705,-0.45813689113095246,-0.37824589922049623,0.6812108891902072
3.6672251224517822,0.41779660866363405,-0.6952600875598396,-1.5090096748215263,-0.4285282920314906,-0.45919913391804573,-0.3775269722711569,0.6804212250843322
3.683634042739868,0.41779660866363405,-0.6952600875598396,-1.5090096748215263,-0.4285282920314906,-0.45919913391804573,-0.3775269722711569,0.6804212250843322
3.7003281116485596,0.417956426749303,-0.6948069450264308,-1.5086892788143615,-0.4290449625263704,-0.4602638019949326,-0.3754126332518978,0.6805461097521543
3.7170321941375732,0.417956426749303,-0.6948069450264308,-1.5086892788143615,-0.4290449625263704,-0.4602638019949326,-0.3754126332518978,0.6805461097521543
3.733865976333618,0.4178621679016376,-0.6946586656911924,-1.5085537829066227,-0.4310637832113029,-0.4613133925115262,-0.3720021663043822,0.6804324778829363
3.750317096710205,0.4178621679016376,-0.6946586656911924,-1.5085537829066227,-0.4310637832113029,-0.4613133925115262,-0.3720021663043822,0.6804324778829363
3.7676780223846436,0.4176539816399384,-0.6944602980547573,-1.5085051482892768,-0.43273176456770696,-0.46318246627944226,-0.36719044900552483,0.680717560390896
3.783735990524292,0.4176539816399384,-0.6944602980547573,-1.5085051482892768,-0.43273176456770696,-0.46318246627944226,-0.36719044900552483,0.680717560390896
3.8005831241607666,0.41722643427350425,-0.6942846017871008,-1.508587769803722,-0.43593608889013136,-0.4654165193937587,-0.3601114687580085,0.6809309215680578
3.8170011043548584,0.41722643427350425,-0.6942846017871008,-1.508587769803722,-0.43593608889013136,-0.4654165193937587,-0.3601114687580085,0.6809309215680578
3.8336331844329834,0.41703569013682895,-0.6937506490616399,-1.508672197802279,-0.4375669401838209,-0.46566128095438647,-0.3579438820348437,0.6808604273945684
3.8502461910247803,0.41703569013682895,-0.6937506490616399,-1.508672197802279,-0.4375669401838209,-0.46566128095438647,-0.3579438820348437,0.6808604273945684
3.8671531677246094,0.41700872118348525,-0.6927036185516924,-1.508693772723325,-0.43726652882993766,-0.4661844951717796,-0.3559070091263434,0.6817625687005641
3.8836660385131836,0.41700872118348525,-0.6927036185516924,-1.508693772723325,-0.43726652882993766,-0.4661844951717796,-0.3559070091263434,0.6817625687005641
3.9006011486053467,0.4170075249059662,-0.6913947150621559,-1.508858671350204,-0.4368344212912612,-0.46673886513127705,-0.3530577582994346,0.6831403512131858
3.916962146759033,0.4170075249059662,-0.6913947150621559,-1.508858671350204,-0.4368344212912612,-0.46673886513127705,-0.3530577582994346,0.6831403512131858
3.934049129486084,0.4171398124014182,-0.6901999534714646,-1.5091489682039043,-0.43701530199595506,-0.46722145616571137,-0.35110515458053126,0.6837008901169851
3.9503161907196045,0.4171398124014182,-0.6901999534714646,-1.5091489682039043,-0.43701530199595506,-0.46722145616571137,-0.35110515458053126,0.6837008901169851
3.967015027999878,0.4175515551585165,-0.6890970775498118,-1.509374838109706,-0.43755572229028616,-0.46832320602421396,-0.34930027015795007,0.6835259218623762
3.9837350845336914,0.4175515551585165,-0.6890970775498118,-1.509374838109706,-0.43755572229028616,-0.46832320602421396,-0.34930027015795007,0.6835259218623762
4.000365972518921,0.4176944251475156,-0.6877927836699816,-1.5094587658090706,-0.4375193494441183,-0.4696166893305327,-0.34668163785277806,0.6839947557839466
4.01711106300354,0.4176944251475156,-0.6877927836699816,-1.5094587658090706,-0.4375193494441183,-0.4696166893305327,-0.34668163785277806,0.6839947557839466
4.03368616104126,0.4179084400492286,-0.6868244466819166,-1.509521851209022,-0.43971961779909097,-0.4708083279873513,-0.34207950539437054,0.6840817115005478
4.050547122955322,0.4179084400492286,-0.6868244466819166,-1.509521851209022,-0.43971961779909097,-0.4708083279873513,-0.34207950539437054,0.6840817115005478
4.067198991775513,0.4184276554812593,-0.6860164929186554,-1.5090954906176655,-0.44024716006162673,-0.472821174173868,-0.3402299571364189,0.6832760434681342
4.083935022354126,0.4184276554812593,-0.6860164929186554,-1.5090954906176655,-0.44024716006162673,-0.472821174173868,-0.3402299571364189,0.6832760434681342
4.100419044494629,0.41879254384660686,-0.6847543413734143,-1.5088915555421973,-0.44010680586252104,-0.4736706533626056,-0.33809799510680716,0.6838361333545406
4.117150068283081,0.41879254384660686,-0.6847543413734143,-1.5088915555421973,-0.44010680586252104,-0.4736706533626056,-0.33809799510680716,0.6838361333545406
4.134054183959961,0.41885611174911114,-0.6835190299052958,-1.508829088282396,-0.44041186427978757,-0.4751367932917441,-0.33458441945409506,0.6843505561629997
4.151241064071655,0.41885611174911114,-0.6835190299052958,-1.508829088282396,-0.44041186427978757,-0.4751367932917441,-0.33458441945409506,0.6843505561629997
4.166994094848633,0.418937751681942,-0.6824898918061783,-1.5089573014837094,-0.44124950829871273,-0.47638851509722835,-0.33139687089282666,0.6844917589511545
4.183743000030518,0.418937751681942,-0.6824898918061783,-1.5089573014837094,-0.44124950829871273,-0.47638851509722835,-0.33139687089282666,0.6844917589511545
4.200348138809204,0.4194623876947439,-0.6816013495496812,-1.5088360601846738,-0.4413194859973291,-0.4762193658466892,-0.33119748401736293,0.6846608309609943
4.21724009513855,0.4194623876947439,-0.6816013495496812,-1.5088360601846738,-0.4413194859973291,-0.4762193658466892,-0.33119748401736293,0.6846608309609943
4.234096050262451,0.4190089070244906,-0.6809679752819081,-1.5089455587649643,-0.44014236174524973,-0.4760009381816415,-0.3309983484273997,0.6856660277320475
4.250322103500366,0.4190089070244906,-0.6809679752819081,-1.5089455587649643,-0.44014236174524973,-0.4760009381816415,-0.3309983484273997,0.6856660277320475
4.267189025878906,0.41875542820139006,-0.6812923000109795,-1.5090368225038424,-0.4412982593652906,-0.4761947319417871,-0.32927753612319666,0.6856170416177613
4.283703088760376,0.41875542820139006,-0.6812923000109795,-1.5090368225038424,-0.4412982593652906,-0.4761947319417871,-0.32927753612319666,0.6856170416177613
4.300283193588257,0.41862789896072794,-0.6819437042505709,-1.5090098069313682,-0.4429329067664011,-0.4776267226881862,-0.32609129873791154,0.6850894969017052
4.316939115524292,0.41862789896072794,-0.6819437042505709,-1.5090098069313682,-0.4429329067664011,-0.4776267226881862,-0.32609129873791154,0.6850894969017052
4.3336591720581055,0.4184190194156568,-0.6826786543878416,-1.508816058656244,-0.4438783534754833,-0.47837555743102456,-0.32482035749818056,0.684558667115686
4.350519180297852,0.4184190194156568,-0.6826786543878416,-1.508816058656244,-0.4438783534754833,-0.47837555743102456,-0.32482035749818056,0.684558667115686
4.366990089416504,0.41823226473865427,-0.683524911356328,-1.508466273919604,-0.44348955474563617,-0.47690509575717516,-0.32669858489535547,0.684942756075082
4.38370418548584,0.41823226473865427,-0.683524911356328,-1.508466273919604,-0.44348955474563617,-0.47690509575717516,-0.32669858489535547,0.684942756075082
4.400465965270996,0.41829133252503214,-0.6847258240722423,-1.5079937963531882,-0.44388284785456184,-0.4773112098035226,-0.3259634087715921,0.6847553450090226
4.417067050933838,0.41829133252503214,-0.6847258240722423,-1.5079937963531882,-0.44388284785456184,-0.4773112098035226,-0.3259634087715921,0.6847553450090226
4.4337451457977295,0.41848010375745487,-0.6857773472447461,-1.507395546522569,-0.44458577960998513,-0.4768549757369444,-0.325937319364237,0.6846295936702966
4.450752019882202,0.41848010375745487,-0.6857773472447461,-1.507395546522569,-0.44458577960998513,-0.4768549757369444,-0.325937319364237,0.6846295936702966
4.46728515625,0.4190911113736534,-0.6864960922056894,-1.5067321203611315,-0.4451879852725379,-0.47837070569561757,-0.3251309198506804,0.6835634649820792
4.484084129333496,0.4190911113736534,-0.6864960922056894,-1.5067321203611315,-0.4451879852725379,-0.47837070569561757,-0.3251309198506804,0.6835634649820792
4.502912998199463,0.41950756263346867,-0.6861202155834503,-1.5061975764585476,-0.4437682261100607,-0.47791883890725023,-0.32701251063953035,0.6839050831788768
4.51701807975769,0.41950756263346867,-0.6861202155834503,-1.5061975764585476,-0.4437682261100607,-0.47791883890725023,-0.32701251063953035,0.6839050831788768
4.534346103668213,0.41969653571941756,-0.685097002814689,-1.505759473998453,-0.4405102127409365,-0.4759793786109744,-0.3309172705371974,0.6854838755713056
4.5504469871521,0.41969653571941756,-0.685097002814689,-1.505759473998453,-0.4405102127409365,-0.4759793786109744,-0.3309172705371974,0.6854838755713056
4.567187070846558,0.4198460705212518,-0.6840464009741091,-1.5056406838021466,-0.43701342430889023,-0.4740539114513008,-0.3350168209048377,0.6870632326957656
4.5835981369018555,0.4198460705212518,-0.6840464009741091,-1.5056406838021466,-0.43701342430889023,-0.4740539114513008,-0.3350168209048377,0.6870632326957656
4.600239992141724,0.41991041927742995,-0.6836014196893261,-1.5056116677090614,-0.4354136468595205,-0.4732958442465225,-0.3361437625747409,0.6880504130000653
4.617139101028442,0.41991041927742995,-0.6836014196893261,-1.5056116677090614,-0.4354136468595205,-0.4732958442465225,-0.3361437625747409,0.6880504130000653
